GEOID,NAME,District_Type,B17010_002,District_Clean
1700009,"Pinckneyville School District 50, Illinois",Elementary,287,pinckneyville school district 50
1700010,"Beach Park Community Consolidated School District 3, Illinois",Elementary,387,beach park community consolidated school district 3
1700065,"Saunemin Community Consolidated School District 438, Illinois",Elementary,24,saunemin community consolidated school district 438
1700077,"Marengo-Union Elementary Consolidated District 165, Illinois",Elementary,237,marengo-union elementary consolidated district 165
1700103,"New Holland-Middletown Elementary School District 88, Illinois",Elementary,6,new holland-middletown elementary school district 88
1700112,"Streator Elementary School District 44, Illinois",Elementary,555,streator elementary school district 44
1700119,"North Shore School District 112, Illinois",Elementary,430,north shore school district 112
1700222,"Nippersink School District 2, Illinois",Elementary,120,nippersink school district 2
1700330,"Prairieview-Ogden Community Consolidated School District 197, Illinois",Elementary,11,prairieview-ogden community consolidated school district 197
1701381,"La Harpe Community School District 347, Illinois",Elementary,52,la harpe community school district 347
1701385,"Carthage Elementary School District 317, Illinois",Elementary,68,carthage elementary school district 317
1701388,"Dallas Elementary School District 327, Illinois",Elementary,107,dallas elementary school district 327
1701411,"East Coloma-Nelson Consolidated Elementary School District 20, Illinois",Elementary,36,east coloma-nelson consolidated elementary school district 20
1701419,"Spring Garden Community Consolidated School District 178, Illinois",Elementary,85,spring garden community consolidated school district 178
1703150,"Addison School District 4, Illinois",Elementary,714,addison school district 4
1703210,"Akin Community Consolidated School District 91, Illinois",Elementary,51,akin community consolidated school district 91
1703270,"Albers School District 63, Illinois",Elementary,54,albers school district 63
1703420,"Allen Township Community Consolidated School District 65, Illinois",Elementary,47,allen township community consolidated school district 65
1703480,"Alsip-Hazelgreen-Oaklawn School District 126, Illinois",Elementary,198,alsip-hazelgreen-oaklawn school district 126
1703750,"Anna Community Consolidated School District 37, Illinois",Elementary,227,anna community consolidated school district 37
1703840,"Antioch Community Consolidated School District 34, Illinois",Elementary,291,antioch community consolidated school district 34
1703900,"Aptakisic-Tripp Community Consolidated School District, Illinois",Elementary,242,aptakisic-tripp community consolidated school district
1703930,"Arbor Park School District 145, Illinois",Elementary,104,arbor park school district 145
1704050,"Summit School District 104, Illinois",Elementary,392,summit school district 104
1704140,"Arlington Heights School District 25, Illinois",Elementary,131,arlington heights school district 25
1704200,"Armstrong-Ellis Consolidated School District 61, Illinois",Elementary,14,armstrong-ellis consolidated school district 61
1704340,"Ashley Community Consolidated School District 15, Illinois",Elementary,60,ashley community consolidated school district 15
1704560,"Atwood Heights School District 125, Illinois",Elementary,108,atwood heights school district 125
1704740,"Aviston School District 21, Illinois",Elementary,28,aviston school district 21
1704800,"Avoca School District 37, Illinois",Elementary,134,avoca school district 37
1704950,"Bannockburn School District 106, Illinois",Elementary,16,bannockburn school district 106
1705160,"Bartelso School District 57, Illinois",Elementary,3,bartelso school district 57
1705190,"Bartonville School District 66, Illinois",Elementary,33,bartonville school district 66
1705466,"Marseilles Elementary School District 150, Illinois",Elementary,118,marseilles elementary school district 150
1705570,"Opdyke-Belle Rive Community Consolidated School District 5, Illinois",Elementary,53,opdyke-belle rive community consolidated school district 5
1705580,"Belle Valley School District 119, Illinois",Elementary,191,belle valley school district 119
1705610,"Belleville School District 118, Illinois",Elementary,840,belleville school district 118
1705760,"Bellwood School District 88, Illinois",Elementary,460,bellwood school district 88
1705880,"Benjamin School District 25, Illinois",Elementary,44,benjamin school district 25
1705910,"Bensenville School District 2, Illinois",Elementary,319,bensenville school district 2
1705950,"Benton Community Consolidated School District 47, Illinois",Elementary,319,benton community consolidated school district 47
1706000,"Berkeley School District 87, Illinois",Elementary,431,berkeley school district 87
1706060,"Berwyn North School District 98, Illinois",Elementary,583,berwyn north school district 98
1706090,"Berwyn South School District 100, Illinois",Elementary,673,berwyn south school district 100
1706180,"Bethel School District 82, Illinois",Elementary,76,bethel school district 82
1706270,"Big Hollow School District 38, Illinois",Elementary,169,big hollow school district 38
1706450,"Bloomingdale School District 13, Illinois",Elementary,128,bloomingdale school district 13
1706510,"Cook County School District 130, Illinois",Elementary,733,cook county school district 130
1706750,"Bourbonnais School District 53, Illinois",Elementary,465,bourbonnais school district 53
1706840,"Braceville School District 75, Illinois",Elementary,55,braceville school district 75
1706930,"Bradley School District 61, Illinois",Elementary,309,bradley school district 61
1707010,"Breese School District 12, Illinois",Elementary,53,breese school district 12
1707170,"Indian Springs School District 109, Illinois",Elementary,782,indian springs school district 109
1707290,"Lemont-Bromberek Combined School District 113A, Illinois",Elementary,360,lemont-bromberek combined school district 113a
1707320,"Brookfield School District 95, Illinois",Elementary,52,brookfield school district 95
1707740,"Buncombe Consolidated School District 43, Illinois",Elementary,19,buncombe consolidated school district 43
1707860,"Burnham School District 154-5, Illinois",Elementary,86,burnham school district 154-5
1707980,"Butler School District 53, Illinois",Elementary,43,butler school district 53
1708100,"Lincoln Elementary School District 156, Illinois",Elementary,283,lincoln elementary school district 156
1708130,"Calumet Public School District 132, Illinois",Elementary,359,calumet public school district 132
1708310,"Carbon Cliff-Barstow School District 36, Illinois",Elementary,101,carbon cliff-barstow school district 36
1708340,"Carbondale Elementary School District 95, Illinois",Elementary,824,carbondale elementary school district 95
1708730,"Cary Community Consolidated School District 26, Illinois",Elementary,237,cary community consolidated school district 26
1708790,"Cass School District 63, Illinois",Elementary,54,cass school district 63
1708970,"Center Cass School District 66, Illinois",Elementary,61,center cass school district 66
1709150,"Central School District 51, Illinois",Elementary,119,central school district 51
1709170,"Central School District 104, Illinois",Elementary,38,central school district 104
1709180,"Central City School District 133, Illinois",Elementary,56,central city school district 133
1709210,"Lockport School District 91, Illinois",Elementary,57,lockport school district 91
1709270,"Centralia School District 135, Illinois",Elementary,529,centralia school district 135
1709510,"Chaney-Monge School District 88, Illinois",Elementary,35,chaney-monge school district 88
1709540,"Channahon School District 17, Illinois",Elementary,82,channahon school district 17
1709850,"Chester-East Lincoln Community Csd 61, Illinois",Elementary,15,chester-east lincoln community csd 61
1709960,"Chicago Heights School District 170, Illinois",Elementary,1086,chicago heights school district 170
1709990,"Chicago Ridge School District 127-5, Illinois",Elementary,418,chicago ridge school district 127-5
1710200,"Cicero School District 99, Illinois",Elementary,2368,cicero school district 99
1710380,"Skokie School District 73-5, Illinois",Elementary,78,skokie school district 73-5
1710470,"Community Consolidated School District 93, Illinois",Elementary,472,community consolidated school district 93
1710690,"Colona School District 190, Illinois",Elementary,65,colona school district 190
1710860,"Cornell Community Consolidated School District 426, Illinois",Elementary,54,cornell community consolidated school district 426
1710950,"Ford Heights School District 169, Illinois",Elementary,221,ford heights school district 169
1711010,"Country Club Hills School District 160, Illinois",Elementary,199,country club hills school district 160
1711220,"Creston Community Consolidated School District 161, Illinois",Elementary,17,creston community consolidated school district 161
1711290,"Creve Coeur School District 76, Illinois",Elementary,111,creve coeur school district 76
1711350,"Crystal Lake Community Consolidated School District 47, Illinois",Elementary,752,crystal lake community consolidated school district 47
1711520,"Cypress School District 64, Illinois",Elementary,18,cypress school district 64
1711700,"Dalzell School District 98, Illinois",Elementary,20,dalzell school district 98
1711730,"Damiansville School District 62, Illinois",Elementary,4,damiansville school district 62
1711910,"Deer Park Community Consolidated School District 82, Illinois",Elementary,20,deer park community consolidated school district 82
1711980,"Deerfield School District 109, Illinois",Elementary,117,deerfield school district 109
1712120,"Des Plaines Community Consolidated School District 62, Illinois",Elementary,1060,des plaines community consolidated school district 62
1712150,"De Soto Consolidated School District 86, Illinois",Elementary,50,de soto consolidated school district 86
1712210,"Diamond Lake School District 76, Illinois",Elementary,142,diamond lake school district 76
1712270,"Dimmick Community Consolidated School District 175, Illinois",Elementary,12,dimmick community consolidated school district 175
1712420,"Dolton School District 149, Illinois",Elementary,922,dolton school district 149
1712450,"Dolton School District 148, Illinois",Elementary,1014,dolton school district 148
1712540,"Downers Grove Grade School District 58, Illinois",Elementary,387,downers grove grade school district 58
1712840,"Dwight Common School District 232, Illinois",Elementary,154,dwight common school district 232
1712960,"East Alton School District 13, Illinois",Elementary,275,east alton school district 13
1713140,"East Maine School District 63, Illinois",Elementary,807,east maine school district 63
1713170,"East Moline School District 37, Illinois",Elementary,651,east moline school district 37
1713240,"East Peoria School District 86, Illinois",Elementary,143,east peoria school district 86
1713260,"East Prairie School District 73, Illinois",Elementary,76,east prairie school district 73
1713440,"Lindop School District 92, Illinois",Elementary,32,lindop school district 92
1713770,"Community Consolidated School District 59, Illinois",Elementary,1027,community consolidated school district 59
1714160,"Elwood Community Consolidated School District 203, Illinois",Elementary,26,elwood community consolidated school district 203
1714220,"Harmony Emge School District 175, Illinois",Elementary,158,harmony emge school district 175
1714250,"Emmons School District 33, Illinois",Elementary,22,emmons school district 33
1714410,"Eswood Community Consolidated District 269, Illinois",Elementary,24,eswood community consolidated district 269
1714460,"Evanston Community Consolidated School District 65, Illinois",Elementary,935,evanston community consolidated school district 65
1714550,"Evergreen Park Elementary School District 124, Illinois",Elementary,261,evergreen park elementary school district 124
1714640,"Ewing Northern Community Consolidated District 115, Illinois",Elementary,41,ewing northern community consolidated district 115
1714710,"Fairfield Public School District 112, Illinois",Elementary,245,fairfield public school district 112
1714760,"Fairmont School District 89, Illinois",Elementary,135,fairmont school district 89
1714820,"Skokie-Fairview School District 72, Illinois",Elementary,130,skokie-fairview school district 72
1714940,"Farrington Community Consolidated School District 99, Illinois",Elementary,10,farrington community consolidated school district 99
1715090,"Field Community Consolidated School District 3, Illinois",Elementary,32,field community consolidated school district 3
1715420,"Flossmoor School District 161, Illinois",Elementary,371,flossmoor school district 161
1715450,"Forest Park School District 91, Illinois",Elementary,146,forest park school district 91
1715480,"Forest Ridge School District 142, Illinois",Elementary,253,forest ridge school district 142
1715630,"Fox Lake Grade School District 114, Illinois",Elementary,107,fox lake grade school district 114
1715660,"Fox River Grove Consolidated School District 3, Illinois",Elementary,20,fox river grove consolidated school district 3
1715700,"Frankfort Community Consolidated School District 157C, Illinois",Elementary,126,frankfort community consolidated school district 157c
1715780,"Franklin Park School District 84, Illinois",Elementary,135,franklin park school district 84
1715820,"Freeburg Community Consolidated School District 70, Illinois",Elementary,110,freeburg community consolidated school district 70
1715930,"Fremont School District 79, Illinois",Elementary,29,fremont school district 79
1716230,"Gardner Community Consolidated School District 72C, Illinois",Elementary,21,gardner community consolidated school district 72c
1716290,"Gavin School District 37, Illinois",Elementary,136,gavin school district 37
1716320,"Geff Community Consolidated School District 14, Illinois",Elementary,16,geff community consolidated school district 14
1716530,"Germantown School District 60, Illinois",Elementary,38,germantown school district 60
1716560,"Germantown Hills School District 69, Illinois",Elementary,9,germantown hills school district 69
1716590,"Giant City Community Consolidated School District 130, Illinois",Elementary,81,giant city community consolidated school district 130
1716650,"Gifford Community Consolidated School District 188, Illinois",Elementary,16,gifford community consolidated school district 188
1716800,"Glen Ellyn School District 41, Illinois",Elementary,347,glen ellyn school district 41
1716860,"Glencoe School District 35, Illinois",Elementary,20,glencoe school district 35
1716920,"Glenview Community Consolidated School District 34, Illinois",Elementary,553,glenview community consolidated school district 34
1716950,"Brookwood School District 167, Illinois",Elementary,358,brookwood school district 167
1717040,"Woodridge School District 68, Illinois",Elementary,303,woodridge school district 68
1717160,"Gower School District 62, Illinois",Elementary,135,gower school district 62
1717190,"Grand Prairie Community Consolidated School District 6, Illinois",Elementary,10,grand prairie community consolidated school district 6
1717220,"Grand Ridge Community Consolidated School District 95, Illinois",Elementary,40,grand ridge community consolidated school district 95
1717310,"Grant Community Consolidated School District 110, Illinois",Elementary,82,grant community consolidated school district 110
1717490,"Grass Lake School District 36, Illinois",Elementary,53,grass lake school district 36
1717520,"Grayslake Consolidated Community School District 46, Illinois",Elementary,370,grayslake consolidated community school district 46
1717800,"Gurnee School District 56, Illinois",Elementary,454,gurnee school district 56
1717850,"Northbrook Elementary School District 27, Illinois",Elementary,97,northbrook elementary school district 27
1718090,"Hampton School District 29, Illinois",Elementary,29,hampton school district 29
1718360,"Harrison School District 36, Illinois",Elementary,103,harrison school district 36
1718450,"Harvey School District 152, Illinois",Elementary,723,harvey school district 152
1718480,"West Harvey-Dixmoor Public School District 147, Illinois",Elementary,655,west harvey-dixmoor public school district 147
1718570,"Hawthorn Community Consolidated School District 73, Illinois",Elementary,440,hawthorn community consolidated school district 73
1718600,"Hazel Crest School District 152-5, Illinois",Elementary,350,hazel crest school district 152-5
1718960,"High Mount School District 116, Illinois",Elementary,73,high mount school district 116
1719110,"LaGrange Highlands School District 106, Illinois",Elementary,69,lagrange highlands school district 106
1719230,"Hillside School District 93, Illinois",Elementary,33,hillside school district 93
1719290,"Hinsdale Community Consolidated School District 181, Illinois",Elementary,125,hinsdale community consolidated school district 181
1719420,"Hollis Consolidated School District 328, Illinois",Elementary,4,hollis consolidated school district 328
1719500,"Homer Community Consolidated School District 33C, Illinois",Elementary,264,homer community consolidated school district 33c
1719530,"Homewood School District 153, Illinois",Elementary,204,homewood school district 153
1719680,"Hoover-Schrum Memorial School District 157, Illinois",Elementary,481,hoover-schrum memorial school district 157
1720190,"Irvington County Community Unit School District 11, Illinois",Elementary,15,irvington county community unit school district 11
1720220,"Itasca School District 10, Illinois",Elementary,51,itasca school district 10
1720250,"Iuka Community Consolidated School District 7, Illinois",Elementary,49,iuka community consolidated school district 7
1720370,"Jasper Community Consolidated School District 17, Illinois",Elementary,49,jasper community consolidated school district 17
1720580,"Joliet Public School District 86, Illinois",Elementary,2820,joliet public school district 86
1720640,"Jonesboro Community Consolidated School District 43, Illinois",Elementary,88,jonesboro community consolidated school district 43
1720880,"Keeneyville School District 20, Illinois",Elementary,274,keeneyville school district 20
1720910,"Kell Consolidated School District 2, Illinois",Elementary,24,kell consolidated school district 2
1720970,"Kenilworth School District 38, Illinois",Elementary,25,kenilworth school district 38
1721030,"Kildeer Countryside Community Consolidated School District 96, Illinois",Elementary,99,kildeer countryside community consolidated school district 96
1721130,"Kings Consolidated School District 144, Illinois",Elementary,16,kings consolidated school district 144
1721180,"Kinnikinnick Community Consolidated School District 131, Illinois",Elementary,103,kinnikinnick community consolidated school district 131
1721270,"Kirby School District 140, Illinois",Elementary,503,kirby school district 140
1721420,"Komarek School District 94, Illinois",Elementary,63,komarek school district 94
1721450,"Darien School District 61, Illinois",Elementary,203,darien school district 61
1721510,"Ladd Community Consolidated School District 94, Illinois",Elementary,33,ladd community consolidated school district 94
1721600,"LaGrange School District 102, Illinois",Elementary,183,lagrange school district 102
1721630,"LaGrange School District 105, Illinois",Elementary,109,lagrange school district 105
1721720,"Lake Bluff Elementary School District 65, Illinois",Elementary,53,lake bluff elementary school district 65
1721750,"Lake Forest School District 67, Illinois",Elementary,70,lake forest school district 67
1721870,"Lake Villa Community Consolidated School District 41, Illinois",Elementary,219,lake villa community consolidated school district 41
1722020,"Lansing School District 158, Illinois",Elementary,680,lansing school district 158
1722050,"Laraway Community Consolidated School District 70C, Illinois",Elementary,96,laraway community consolidated school district 70c
1722080,"LaSalle Elementary School District 122, Illinois",Elementary,332,lasalle elementary school district 122
1722800,"Libertyville School District 70, Illinois",Elementary,80,libertyville school district 70
1722860,"Lick Creek Community Consolidated School District 16, Illinois",Elementary,26,lick creek community consolidated school district 16
1722920,"Limestone Walters Community Consolidated School District 316, Illinois",Elementary,14,limestone walters community consolidated school district 316
1722980,"Lincoln Elementary School District 27, Illinois",Elementary,245,lincoln elementary school district 27
1723090,"Lincolnshire-Prairieview School District 103, Illinois",Elementary,50,lincolnshire-prairieview school district 103
1723100,"Lincolnwood School District 74, Illinois",Elementary,199,lincolnwood school district 74
1723160,"Lisbon Community Consolidated School District 90, Illinois",Elementary,4,lisbon community consolidated school district 90
1723460,"Lombard School District 44, Illinois",Elementary,435,lombard school district 44
1723700,"Ludlow Community Consolidated School District 142, Illinois",Elementary,19,ludlow community consolidated school district 142
1723730,"Will County School District 92, Illinois",Elementary,129,will county school district 92
1723850,"Lyons School District 103, Illinois",Elementary,422,lyons school district 103
1724000,"Maercker School District 60, Illinois",Elementary,267,maercker school district 60
1724120,"Malden Community Consolidated School District 84, Illinois",Elementary,21,malden community consolidated school district 84
1724270,"Manhattan School District 114, Illinois",Elementary,60,manhattan school district 114
1724330,"Mannheim School District 83, Illinois",Elementary,492,mannheim school district 83
1724420,"Northbrook/Glenview School District 30, Illinois",Elementary,56,northbrook/glenview school district 30
1724720,"Prairie-Hills Elementary School District 144, Illinois",Elementary,349,prairie-hills elementary school district 144
1724780,"Marquardt School District 15, Illinois",Elementary,634,marquardt school district 15
1725020,"Matteson Elementary School District 162, Illinois",Elementary,568,matteson elementary school district 162
1725110,"Maywood-Melrose Park-Broadview School District 89, Illinois",Elementary,1155,maywood-melrose park-broadview school district 89
1725190,"Mazon-Verona-Kinsman Elementary School District 2C, Illinois",Elementary,80,mazon-verona-kinsman elementary school district 2c
1725260,"McClellan Community Consolidated School District 12, Illinois",Elementary,3,mcclellan community consolidated school district 12
1725290,"McHenry Community Consolidated School District 15, Illinois",Elementary,514,mchenry community consolidated school district 15
1725500,"Medinah School District 11, Illinois",Elementary,40,medinah school district 11
1725620,"Mendota Community Consolidated School District 289, Illinois",Elementary,187,mendota community consolidated school district 289
1725740,"Metamora Community Consolidated School District 1, Illinois",Elementary,96,metamora community consolidated school district 1
1725920,"Midlothian School District 143, Illinois",Elementary,265,midlothian school district 143
1726100,"Millburn Community Consolidated School District 24, Illinois",Elementary,11,millburn community consolidated school district 24
1726190,"Millstadt Consolidated Community School District 160, Illinois",Elementary,74,millstadt consolidated community school district 160
1726250,"Miller Township Community Consolidated School District, Illinois",Elementary,19,miller township community consolidated school district
1726310,"Minooka Community Consolidated School District 201, Illinois",Elementary,151,minooka community consolidated school district 201
1726370,"Mokena School District 159, Illinois",Elementary,90,mokena school district 159
1726490,"Monroe School District 70, Illinois",Elementary,23,monroe school district 70
1726590,"Montmorency Community Consolidated School District 145, Illinois",Elementary,89,montmorency community consolidated school district 145
1726610,"Morris School District 54, Illinois",Elementary,179,morris school district 54
1726820,"Golf Elementary School District 67, Illinois",Elementary,74,golf elementary school district 67
1726850,"Morton Grove School District 70, Illinois",Elementary,96,morton grove school district 70
1727210,"Mount Prospect School District 57, Illinois",Elementary,152,mount prospect school district 57
1727340,"Mount Vernon School District 80, Illinois",Elementary,700,mount vernon school district 80
1727540,"Mundelein Elementary School District 75, Illinois",Elementary,113,mundelein elementary school district 75
1727720,"Nashville Consolidated Community School District 49, Illinois",Elementary,64,nashville consolidated community school district 49
1727930,"Nettle Creek Community Consolidated School District 24C, Illinois",Elementary,10,nettle creek community consolidated school district 24c
1728110,"New Hope Community Consolidated School District 6, Illinois",Elementary,33,new hope community consolidated school district 6
1728140,"New Lenox School District 122, Illinois",Elementary,219,new lenox school district 122
1728160,"New Simpson Hill Consolidated District 32, Illinois",Elementary,37,new simpson hill consolidated district 32
1728270,"Newark Community Consolidated School District 66, Illinois",Elementary,29,newark community consolidated school district 66
1728500,"Niles Elementary School District 71, Illinois",Elementary,197,niles elementary school district 71
1728650,"Norridge School District 80, Illinois",Elementary,98,norridge school district 80
1728890,"North Palos School District 117, Illinois",Elementary,827,north palos school district 117
1728920,"North Pekin-Marquette Heights School District 102, Illinois",Elementary,131,north pekin-marquette heights school district 102
1728980,"Northbrook School District 28, Illinois",Elementary,107,northbrook school district 28
1729040,"Norwood Elementary School District 63, Illinois",Elementary,82,norwood elementary school district 63
1729100,"Oak Grove School District 68 (Peoria County), Illinois",Elementary,23,oak grove school district 68 (peoria county)
1729130,"Oak Grove School District 68 (Lake County), Illinois",Elementary,42,oak grove school district 68 (lake county)
1729190,"Oak Lawn-Hometown School District 123, Illinois",Elementary,362,oak lawn-hometown school district 123
1729250,"Oak Park Elementary School District 97, Illinois",Elementary,517,oak park elementary school district 97
1729310,"Oakdale Community Consolidated School District 1, Illinois",Elementary,1,oakdale community consolidated school district 1
1729520,"Odell Community Consolidated School District 435, Illinois",Elementary,30,odell community consolidated school district 435
1729670,"Oglesby Elementary School District 125, Illinois",Elementary,81,oglesby elementary school district 125
1729700,"Ohio Community Consolidated School District 17, Illinois",Elementary,17,ohio community consolidated school district 17
1729760,"O'Fallon Community Consolidated School District 90, Illinois",Elementary,266,o'fallon community consolidated school district 90
1730220,"Orland School District 135, Illinois",Elementary,823,orland school district 135
1730300,"Ottawa Elementary School District 141, Illinois",Elementary,660,ottawa elementary school district 141
1730420,"Palatine Community Consolidated School District 15, Illinois",Elementary,1861,palatine community consolidated school district 15
1730510,"Community Consolidated School District 180, Illinois",Elementary,417,community consolidated school district 180
1730570,"Palos Heights School District 128, Illinois",Elementary,135,palos heights school district 128
1730600,"Palos Community Consolidated School District 118, Illinois",Elementary,265,palos community consolidated school district 118
1730810,"Park Forest School District 163, Illinois",Elementary,318,park forest school district 163
1730840,"Park Ridge Consolidated Community School District 64, Illinois",Elementary,276,park ridge consolidated community school district 64
1730900,"General George Patton School District 133, Illinois",Elementary,109,general george patton school district 133
1731080,"Pekin Public School District108, Illinois",Elementary,832,pekin public school district108
1731140,"Pembroke Consolidated Community School District 259, Illinois",Elementary,61,pembroke consolidated community school district 259
1731200,"Pennoyer School District 79, Illinois",Elementary,124,pennoyer school district 79
1731380,"Peru Elementary School District 124, Illinois",Elementary,174,peru elementary school district 124
1731560,"Community Consolidated School District 204, Illinois",Elementary,38,community consolidated school district 204
1731860,"Pleasant Hill School District 69, Illinois",Elementary,86,pleasant hill school district 69
1731950,"Pleasant Valley School District 62, Illinois",Elementary,43,pleasant valley school district 62
1732040,"Pleasantdale School District 107, Illinois",Elementary,16,pleasantdale school district 107
1732090,"Potomac Community Unit School District 10, Illinois",Elementary,23,potomac community unit school district 10
1732160,"Pontiac Community Consolidated School District 429, Illinois",Elementary,431,pontiac community consolidated school district 429
1732190,"Pontiac-William Holliday School District 105, Illinois",Elementary,109,pontiac-william holliday school district 105
1732370,"Posen-Robbins Elementary School District 143-5, Illinois",Elementary,466,posen-robbins elementary school district 143-5
1732490,"Prairie du Rocher Community Consolidated School District 134, Illinois",Elementary,10,prairie du rocher community consolidated school district 134
1732520,"Prairie Grove Community School District 46, Illinois",Elementary,42,prairie grove community school district 46
1732550,"Prairie Hill Community Consolidated School District 133, Illinois",Elementary,33,prairie hill community consolidated school district 133
1732670,"Princeton Elementary School District 115, Illinois",Elementary,248,princeton elementary school district 115
1732850,"Prospect Heights School District 23, Illinois",Elementary,129,prospect heights school district 23
1732970,"Queen Bee School District 16, Illinois",Elementary,214,queen bee school district 16
1733030,"Raccoon Consolidated School District 1, Illinois",Elementary,45,raccoon consolidated school district 1
1733120,"Rankin Community School District 98, Illinois",Elementary,59,rankin community school district 98
1733210,"Rantoul City School District 137, Illinois",Elementary,503,rantoul city school district 137
1733390,"Rhodes School District 84-5, Illinois",Elementary,282,rhodes school district 84-5
1733450,"Richland School District 88A, Illinois",Elementary,159,richland school district 88a
1733690,"Ridgeland School District 122, Illinois",Elementary,716,ridgeland school district 122
1733750,"Riley Community Consolidated School District 18, Illinois",Elementary,43,riley community consolidated school district 18
1733810,"River Forest School District 90, Illinois",Elementary,64,river forest school district 90
1733840,"River Grove School District 85-5, Illinois",Elementary,174,river grove school district 85-5
1733870,"River Trails School District 26, Illinois",Elementary,207,river trails school district 26
1733990,"Riverside School District 96, Illinois",Elementary,149,riverside school district 96
1734110,"Riverview Consolidated Community School District 2, Illinois",Elementary,55,riverview consolidated community school district 2
1734170,"Robein School District 85, Illinois",Elementary,39,robein school district 85
1734260,"Rochelle Community Consolidated District 231, Illinois",Elementary,234,rochelle community consolidated district 231
1734350,"Rock Falls Elementary School District 13, Illinois",Elementary,284,rock falls elementary school district 13
1734470,"Rockdale School District 84, Illinois",Elementary,56,rockdale school district 84
1734540,"Rockton School District 140, Illinois",Elementary,130,rockton school district 140
1734590,"Rome Community Consolidated School District 2, Illinois",Elementary,32,rome community consolidated school district 2
1734620,"Rondout School District 72, Illinois",Elementary,12,rondout school district 72
1734650,"Rooks Creek Community Consolidated School District 425, Illinois",Elementary,5,rooks creek community consolidated school district 425
1734710,"Roselle School District 12, Illinois",Elementary,28,roselle school district 12
1734740,"Schaumburg Community Consolidated School District 54, Illinois",Elementary,1512,schaumburg community consolidated school district 54
1734770,"Rosemont Elementary School District 78, Illinois",Elementary,34,rosemont elementary school district 78
1735100,"Rutland Community Consolidated School District 230, Illinois",Elementary,7,rutland community consolidated school district 230
1735160,"Salem School District 111, Illinois",Elementary,371,salem school district 111
1735220,"Salt Creek School District 48, Illinois",Elementary,61,salt creek school district 48
1735340,"Sandridge School District 172, Illinois",Elementary,86,sandridge school district 172
1735400,"Saratoga Community Consolidated School District 60C, Illinois",Elementary,169,saratoga community consolidated school district 60c
1735460,"Community Consolidated School District 168, Illinois",Elementary,601,community consolidated school district 168
1735640,"Schiller Park School District 81, Illinois",Elementary,469,schiller park school district 81
1735770,"Selmaville Community Consolidated School District 10, Illinois",Elementary,19,selmaville community consolidated school district 10
1735820,"Seneca Community Consolidated School District 170, Illinois",Elementary,172,seneca community consolidated school district 170
1736210,"Shiloh Village School District 85, Illinois",Elementary,54,shiloh village school district 85
1736240,"Shirland Community Consolidated School District 134, Illinois",Elementary,11,shirland community consolidated school district 134
1736300,"Elementary School District 159, Illinois",Elementary,274,elementary school district 159
1736330,"Signal Hill School District 181, Illinois",Elementary,11,signal hill school district 181
1736360,"Silvis School District 34, Illinois",Elementary,218,silvis school district 34
1736450,"Skokie School District 68, Illinois",Elementary,258,skokie school district 68
1736480,"Skokie School District 69, Illinois",Elementary,534,skokie school district 69
1736510,"Smithton Community Consolidated School District 130, Illinois",Elementary,29,smithton community consolidated school district 130
1736720,"South Holland School District 150, Illinois",Elementary,168,south holland school district 150
1736750,"South Holland School District 151, Illinois",Elementary,578,south holland school district 151
1736780,"South Pekin School District 137, Illinois",Elementary,46,south pekin school district 137
1736810,"Burbank School District 111, Illinois",Elementary,570,burbank school district 111
1736840,"South Wilmington Consolidated School District 74, Illinois",Elementary,6,south wilmington consolidated school district 74
1737020,"Spring Lake Community Consolidated School District 606, Illinois",Elementary,21,spring lake community consolidated school district 606
1737050,"Spring Valley Community Consolidated School District 99, Illinois",Elementary,163,spring valley community consolidated school district 99
1737120,"St. Anne Consolidated Community School District 256, Illinois",Elementary,34,st. anne consolidated community school district 256
1737320,"St. George Community Consolidated School District 258, Illinois",Elementary,0,st. george community consolidated school district 258
1737380,"St. Joseph Community Consolidated School District 169, Illinois",Elementary,76,st. joseph community consolidated school district 169
1737440,"St. Libory Consolidated School District 30, Illinois",Elementary,15,st. libory consolidated school district 30
1737470,"St. Rose School District 14-15, Illinois",Elementary,11,st. rose school district 14-15
1737680,"Steger School District 194, Illinois",Elementary,429,steger school district 194
1737800,"Steward Elementary School District 220, Illinois",Elementary,4,steward elementary school district 220
1737860,"Central Stickney School District 110, Illinois",Elementary,73,central stickney school district 110
1738190,"Summersville School District 79, Illinois",Elementary,59,summersville school district 79
1738220,"Summit Hill School District 161, Illinois",Elementary,120,summit hill school district 161
1738370,"Sunnybrook School District 171, Illinois",Elementary,199,sunnybrook school district 171
1738400,"Sunset Ridge School District 29, Illinois",Elementary,15,sunset ridge school district 29
1738520,"Taft School District 90, Illinois",Elementary,26,taft school district 90
1738550,"Tamaroa School District 5, Illinois",Elementary,9,tamaroa school district 5
1738790,"Thomasboro Community Consolidated School District 130, Illinois",Elementary,34,thomasboro community consolidated school district 130
1738910,"Thornton School District 154, Illinois",Elementary,38,thornton school district 154
1739030,"Community Consolidated School District 146, Illinois",Elementary,433,community consolidated school district 146
1739180,"Tonica Community Consolidated School District 79, Illinois",Elementary,24,tonica community consolidated school district 79
1739510,"Troy Community Consolidated School District 30C, Illinois",Elementary,351,troy community consolidated school district 30c
1739660,"Union School District 81, Illinois",Elementary,26,union school district 81
1739780,"Union Ridge School District 86, Illinois",Elementary,141,union ridge school district 86
1739930,"Unity Point Community Consolidated School District 140, Illinois",Elementary,117,unity point community consolidated school district 140
1740260,"Vienna School District 55, Illinois",Elementary,97,vienna school district 55
1740350,"Villa Park School District 45, Illinois",Elementary,464,villa park school district 45
1740500,"Glen Ellyn Community Consolidated School District 89, Illinois",Elementary,163,glen ellyn community consolidated school district 89
1740530,"Wallace Community Consolidated School District 195, Illinois",Elementary,115,wallace community consolidated school district 195
1740620,"Waltham Community Consolidated School District 185, Illinois",Elementary,14,waltham community consolidated school district 185
1740680,"North Wamac School District 186, Illinois",Elementary,48,north wamac school district 186
1741010,"District 50 Schools, Illinois",Elementary,93,district 50 schools
1741040,"Washington School District 52, Illinois",Elementary,14,washington school district 52
1741520,"Calumet City School District 155, Illinois",Elementary,301,calumet city school district 155
1741550,"West Chicago School District 33, Illinois",Elementary,555,west chicago school district 33
1741600,"West Lincoln-Broadwell Elementary School District 92, Illinois",Elementary,43,west lincoln-broadwell elementary school district 92
1741700,"West Northfield School District 31, Illinois",Elementary,181,west northfield school district 31
1741790,"Westchester School District 92-5, Illinois",Elementary,136,westchester school district 92-5
1741820,"Western Springs School District 101, Illinois",Elementary,57,western springs school district 101
1742210,"Wheeling Community Consolidated School District 21, Illinois",Elementary,985,wheeling community consolidated school district 21
1742300,"Whiteside School District 115, Illinois",Elementary,292,whiteside school district 115
1742510,"Willow Grove School District 46, Illinois",Elementary,73,willow grove school district 46
1742570,"Willow Springs School District 108, Illinois",Elementary,126,willow springs school district 108
1742600,"Wilmette School District 39, Illinois",Elementary,156,wilmette school district 39
1742720,"Winfield School District 34, Illinois",Elementary,10,winfield school district 34
1742840,"Winnetka School District 36, Illinois",Elementary,59,winnetka school district 36
1742900,"Winthrop Harbor School District 1, Illinois",Elementary,26,winthrop harbor school district 1
1742960,"Wolf Branch School District 113, Illinois",Elementary,74,wolf branch school district 113
1743020,"Wood Dale School District 7, Illinois",Elementary,187,wood dale school district 7
1743050,"Wood River-Hartford Elementary School District 15, Illinois",Elementary,208,wood river-hartford elementary school district 15
1743110,"Woodland Community Consolidated School District 50, Illinois",Elementary,465,woodland community consolidated school district 50
1743380,"Worth School District 127, Illinois",Elementary,184,worth school district 127
1743860,"Zion Elementary School District 6, Illinois",Elementary,709,zion elementary school district 6
1799002,"Bluford Unit School District 318 (KG-8) in Mount Vernon, Illinois",Elementary,11,bluford unit school district 318 (kg-8) in mount vernon
1799003,"Woodlawn Unit District 209 (KG-8) in Mount Vernon, Illinois",Elementary,5,woodlawn unit district 209 (kg-8) in mount vernon
1799007,"Woodlawn Unit District 209 (KG-8) in Nashville, Illinois",Elementary,0,woodlawn unit district 209 (kg-8) in nashville
1799999,"Remainder of Illinois, Illinois",Elementary,194602,remainder of illinois
1701384,"Illini West High School District 307, Illinois",Secondary,227,illini west high school district 307
1703780,"Anna Jonesboro Community High School District 81, Illinois",Secondary,341,anna jonesboro community high school district 81
1703870,"Antioch Community High School District 117, Illinois",Secondary,502,antioch community high school district 117
1704020,"Argo Community High School District 217, Illinois",Secondary,1300,argo community high school district 217
1704170,"Township High School District 214, Illinois",Secondary,2827,township high school district 214
1704230,"Armstrong Township High School District 225, Illinois",Secondary,14,armstrong township high school district 225
1704770,"Central Community High School District 71, Illinois",Secondary,191,central community high school district 71
1705640,"Belleville Township High School District 201, Illinois",Secondary,1862,belleville township high school district 201
1705970,"Benton Consolidated High School District 103, Illinois",Secondary,411,benton consolidated high school district 103
1706420,"Bloom Township High School District 206, Illinois",Secondary,2758,bloom township high school district 206
1706540,"Community High School District 218, Illinois",Secondary,2585,community high school district 218
1706960,"Bradley-Bourbonnais Consolidated High School District 307, Illinois",Secondary,774,bradley-bourbonnais consolidated high school district 307
1707050,"Bremen Community High School District 228, Illinois",Secondary,1735,bremen community high school district 228
1708370,"Carbondale Community High School District 165, Illinois",Secondary,1072,carbondale community high school district 165
1708400,"Consolidated High School District 230, Illinois",Secondary,2549,consolidated high school district 230
1709300,"Centralia High School District 200, Illinois",Secondary,758,centralia high school district 200
1709780,"Chester Non-High School District 122, Illinois",Secondary,10,chester non-high school district 122
1711370,"Community High School District 155, Illinois",Secondary,1051,community high school district 155
1712570,"Community High School District 99, Illinois",Secondary,1025,community high school district 99
1712870,"Dwight Township High School District 230, Illinois",Secondary,155,dwight township high school district 230
1712990,"East Alton-Wood River Community High School District 14, Illinois",Secondary,483,east alton-wood river community high school district 14
1713230,"East Peoria Community High School District 309, Illinois",Secondary,277,east peoria community high school district 309
1713940,"DuPage High School District 88, Illinois",Secondary,1239,dupage high school district 88
1714490,"Evanston Township High School District 202, Illinois",Secondary,935,evanston township high school district 202
1714580,"Evergreen Park Community High School District 231, Illinois",Secondary,261,evergreen park community high school district 231
1715030,"Fenton Community High School District 100, Illinois",Secondary,506,fenton community high school district 100
1715840,"Freeburg Community High School District 77, Illinois",Secondary,154,freeburg community high school district 77
1716260,"Gardner-South Wilmington Township High School District, Illinois",Secondary,82,gardner-south wilmington township high school district
1716830,"Glenbard Township High School District 87, Illinois",Secondary,2265,glenbard township high school district 87
1717340,"Grant Community High School District 124, Illinois",Secondary,478,grant community high school district 124
1717550,"Grayslake Community High School District 127, Illinois",Secondary,417,grayslake community high school district 127
1717901,"Flanagan-Cornell District 74 in Cornell, Illinois",Secondary,54,flanagan-cornell district 74 in cornell
1717902,"Flanagan-Cornell District 74 in Pontiac, Illinois",Secondary,1,flanagan-cornell district 74 in pontiac
1717903,"Flanagan-Cornell District 74 in Rooks Creek, Illinois",Secondary,0,flanagan-cornell district 74 in rooks creek
1718030,"Hall High School District 502, Illinois",Secondary,224,hall high school district 502
1719080,"Township High School District 113, Illinois",Secondary,563,township high school district 113
1719320,"Hinsdale Township High School District 86, Illinois",Secondary,970,hinsdale township high school district 86
1719560,"Homewood-Flossmoor Community High School District 233, Illinois",Secondary,592,homewood-flossmoor community high school district 233
1719620,"Hononegah Community High School District 207, Illinois",Secondary,277,hononegah community high school district 207
1720610,"Joliet Township High School District 204, Illinois",Secondary,3384,joliet township high school district 204
1721780,"Lake Forest Community High School District 115, Illinois",Secondary,126,lake forest community high school district 115
1721840,"Lake Park Community High School District 108, Illinois",Secondary,521,lake park community high school district 108
1722110,"LaSalle-Peru Township High School District 120, Illinois",Secondary,640,lasalle-peru township high school district 120
1722500,"Lemont Township High School District 210, Illinois",Secondary,360,lemont township high school district 210
1722740,"Leyden Community High School District 212, Illinois",Secondary,1678,leyden community high school district 212
1722830,"Libertyville Community High School District 128, Illinois",Secondary,478,libertyville community high school district 128
1722950,"Limestone Community High School District 310, Illinois",Secondary,308,limestone community high school district 310
1723050,"Lincoln Community High School District 404, Illinois",Secondary,309,lincoln community high school district 404
1723070,"Lincoln Way Community High School District 210, Illinois",Secondary,606,lincoln way community high school district 210
1723350,"Lockport Township High School District 205, Illinois",Secondary,805,lockport township high school district 205
1723880,"Lyons Township High School District 204, Illinois",Secondary,576,lyons township high school district 204
1724090,"Maine Township High School District 207, Illinois",Secondary,2286,maine township high school district 207
1724570,"Marengo Community High School District 154, Illinois",Secondary,280,marengo community high school district 154
1725320,"McHenry Community High School District 156, Illinois",Secondary,608,mchenry community high school district 156
1725650,"Mendota Township High School District 280, Illinois",Secondary,187,mendota township high school district 280
1725770,"Metamora Township High School District 122, Illinois",Secondary,160,metamora township high school district 122
1726180,"Fairfield Community High School District 225, Illinois",Secondary,343,fairfield community high school district 225
1726340,"Minooka Community High School District 111, Illinois",Secondary,233,minooka community high school district 111
1726640,"Morris Community High School District 101, Illinois",Secondary,358,morris community high school district 101
1726880,"J. Sterling Morton High School District 201, Illinois",Secondary,3904,j. sterling morton high school district 201
1727360,"Mount Vernon Township High School District 201, Illinois",Secondary,1056,mount vernon township high school district 201
1727570,"Mundelein Consolidated High School District 120, Illinois",Secondary,358,mundelein consolidated high school district 120
1727740,"Nashville Community High School District 99, Illinois",Secondary,103,nashville community high school district 99
1728200,"New Trier Township High School District 203, Illinois",Secondary,409,new trier township high school district 203
1728260,"Newark Community High School District 18, Illinois",Secondary,33,newark community high school district 18
1728530,"Niles Township Community High School District 219, Illinois",Secondary,1642,niles township community high school district 219
1729010,"Northfield Township High School District 225, Illinois",Secondary,994,northfield township high school district 225
1729220,"Oak Lawn Community High School District 229, Illinois",Secondary,795,oak lawn community high school district 229
1729280,"Oak Park and River Forest District 200, Illinois",Secondary,581,oak park and river forest district 200
1729730,"Ohio Community High School District 505, Illinois",Secondary,17,ohio community high school district 505
1729790,"O'Fallon Township High School District 203, Illinois",Secondary,400,o'fallon township high school district 203
1730330,"Ottawa Township High School District 140, Illinois",Secondary,943,ottawa township high school district 140
1730450,"Township High School District 211, Illinois",Secondary,3158,township high school district 211
1731110,"Pekin Community High School District 303, Illinois",Secondary,1105,pekin community high school district 303
1731620,"Pinckneyville Community High School District 101, Illinois",Secondary,334,pinckneyville community high school district 101
1732220,"Pontiac Township High School District 90, Illinois",Secondary,488,pontiac township high school district 90
1732580,"Adlai E. Stevenson High School District 125, Illinois",Secondary,410,adlai e. stevenson high school district 125
1732700,"Princeton High School District 500, Illinois",Secondary,269,princeton high school district 500
1732910,"Proviso Township High School District 209, Illinois",Secondary,2314,proviso township high school district 209
1733240,"Rantoul Township High School District 193, Illinois",Secondary,577,rantoul township high school district 193
1733270,"Reavis Township High School District 220, Illinois",Secondary,643,reavis township high school district 220
1733420,"Rich Township High School District 227, Illinois",Secondary,1245,rich township high school district 227
1733510,"Richmond-Burton Community High School District 157, Illinois",Secondary,120,richmond-burton community high school district 157
1733720,"Ridgewood Community High School District 234, Illinois",Secondary,239,ridgewood community high school district 234
1734020,"Riverside Brookfield Township School District 208, Illinois",Secondary,251,riverside brookfield township school district 208
1734290,"Rochelle Township High School District 212, Illinois",Secondary,295,rochelle township high school district 212
1734380,"Rock Falls Township High School District 301, Illinois",Secondary,409,rock falls township high school district 301
1735190,"Salem Community High School District 600, Illinois",Secondary,485,salem community high school district 600
1735850,"Seneca Township High School District 160, Illinois",Secondary,262,seneca township high school district 160
1737140,"St. Anne Community High School District 302, Illinois",Secondary,95,st. anne community high school district 302
1737410,"St. Joseph-Ogden Community High School District 305, Illinois",Secondary,82,st. joseph-ogden community high school district 305
1738100,"Streator Township High School District 40, Illinois",Secondary,617,streator township high school district 40
1738940,"Thornton Fractional Township High School District 215, Illinois",Secondary,2003,thornton fractional township high school district 215
1738970,"Thornton Township High School District 205, Illinois",Secondary,4541,thornton township high school district 205
1739870,"United Township High School District 30, Illinois",Secondary,1064,united township high school district 30
1740290,"Vienna High School District 133, Illinois",Secondary,171,vienna high school district 133
1740440,"Community High School District 94, Illinois",Secondary,609,community high school district 94
1740800,"Warren Township High School District 121, Illinois",Secondary,909,warren township high school district 121
1740980,"Washington Community High School District 308, Illinois",Secondary,226,washington community high school district 308
1743890,"Zion-Benton Township High School District 126, Illinois",Secondary,1122,zion-benton township high school district 126
1799001,"Bluford Unit School District 318 (9-12) in Farrington, Illinois",Secondary,10,bluford unit school district 318 (9-12) in farrington
1799004,"Bluford Unit School District 318 (9-12) in Opdyke-Belle Rive, Illinois",Secondary,0,bluford unit school district 318 (9-12) in opdyke-belle rive
1799005,"Woodlawn Unit District 209 (9-12) in Grand Prairie, Illinois",Secondary,8,woodlawn unit district 209 (9-12) in grand prairie
1799006,"Woodlawn Unit District 209 (9-12) in Rome, Illinois",Secondary,4,woodlawn unit district 209 (9-12) in rome
1799008,"Woodlawn Unit District 209 (9-12) in Ashley, Illinois",Secondary,6,woodlawn unit district 209 (9-12) in ashley
1799999,"Remainder of Illinois, Illinois",Secondary,194625,remainder of illinois
1700001,"River Ridge Community Unit School District 210, Illinois",Unified,92,river ridge community unit school district 210
1700002,"Casey-Westfield Community Unit School District 4C, Illinois",Unified,194,casey-westfield community unit school district 4c
1700003,"Blue Ridge Community Unit School District 18, Illinois",Unified,123,blue ridge community unit school district 18
1700004,"Norris City-Omaha-Enfield Community Unit School District 3, Illinois",Unified,161,norris city-omaha-enfield community unit school district 3
1700005,"Prairie Central Community Unit School District 8, Illinois",Unified,266,prairie central community unit school district 8
1700007,"Eastland Community Unit School District 308, Illinois",Unified,58,eastland community unit school district 308
1700014,"Goreville Community Unit School District 1, Illinois",Unified,71,goreville community unit school district 1
1700015,"Joppa-Maple Grove Unit District 38, Illinois",Unified,33,joppa-maple grove unit district 38
1700041,"Gibson City-Melvin-Sibley Community Unit School District 5, Illinois",Unified,165,gibson city-melvin-sibley community unit school district 5
1700044,"Farmington Central Community Unit School District 265, Illinois",Unified,90,farmington central community unit school district 265
1700045,"Gallatin Community Unit School District 7, Illinois",Unified,225,gallatin community unit school district 7
1700092,"Georgetown-Ridge Farm Consolidated Unit School District 4, Illinois",Unified,182,georgetown-ridge farm consolidated unit school district 4
1700102,"Brussels Community Unit School District 42, Illinois",Unified,21,brussels community unit school district 42
1700105,"A-C Central Community Unit School District 262, Illinois",Unified,28,a-c central community unit school district 262
1700106,"Heritage Community Unit School District 8, Illinois",Unified,68,heritage community unit school district 8
1700109,"Ridgeview Community Unit School District 19, Illinois",Unified,51,ridgeview community unit school district 19
1700110,"North Chicago School District 187, Illinois",Unified,663,north chicago school district 187
1700113,"Illini Central Community Unit School District 189, Illinois",Unified,162,illini central community unit school district 189
1700114,"South Central Community Unit School District 401, Illinois",Unified,138,south central community unit school district 401
1700115,"Henry-Senachwine Consolidated Unit School District 5, Illinois",Unified,93,henry-senachwine consolidated unit school district 5
1700120,"Lostant Community Unit School District 425, Illinois",Unified,15,lostant community unit school district 425
1700122,"Shiloh Community Unit School District 1, Illinois",Unified,104,shiloh community unit school district 1
1700123,"Meridian Community Unit School District 15, Illinois",Unified,68,meridian community unit school district 15
1700125,"Bureau Valley Community Unit School District 340, Illinois",Unified,179,bureau valley community unit school district 340
1700126,"Midland Community Unit School District 7, Illinois",Unified,83,midland community unit school district 7
1700153,"Lewistown Community Unit School District 97, Illinois",Unified,119,lewistown community unit school district 97
1700176,"Cowden-Herrick Community Unit School District 3A, Illinois",Unified,105,cowden-herrick community unit school district 3a
1700217,"Christopher Community Unit School District 99, Illinois",Unified,212,christopher community unit school district 99
1700223,"Okaw Valley Community Unit School District 302, Illinois",Unified,54,okaw valley community unit school district 302
1700310,"West Carroll Community Unit School District 314, Illinois",Unified,233,west carroll community unit school district 314
1700314,"West Prairie Community Unit School District 103, Illinois",Unified,71,west prairie community unit school district 103
1700319,"West Central Community Unit School District 235, Illinois",Unified,69,west central community unit school district 235
1700320,"Monmouth-Roseville Community Unit School District 238, Illinois",Unified,342,monmouth-roseville community unit school district 238
1700321,"United Community School District 304, Illinois",Unified,139,united community school district 304
1700323,"Crescent Iroquois Community Unit School District 249, Illinois",Unified,16,crescent iroquois community unit school district 249
1700324,"Sangamon Valley Community Unit School District 9, Illinois",Unified,55,sangamon valley community unit school district 9
1700326,"El Paso-Gridley Community Unit School District 11, Illinois",Unified,111,el paso-gridley community unit school district 11
1700332,"Schuyler-Industry Community Unit School District 5, Illinois",Unified,124,schuyler-industry community unit school district 5
1701382,"Thompsonville Community Unit School District 174, Illinois",Unified,56,thompsonville community unit school district 174
1701387,"Western Community Unit School District 12, Illinois",Unified,78,western community unit school district 12
1701390,"Flanagan-Cornell District 74, Illinois",Unified,11,flanagan-cornell district 74
1701395,"Mercer County School District 404, Illinois",Unified,188,mercer county school district 404
1701403,"North Mac Community Unit School District 34, Illinois",Unified,156,north mac community unit school district 34
1701404,"Odin Public School District 722, Illinois",Unified,55,odin public school district 722
1701413,"Abingdon-Avon Community Unit School District 276, Illinois",Unified,164,abingdon-avon community unit school district 276
1701416,"Milford Area Public School District 124, Illinois",Unified,100,milford area public school district 124
1701417,"Bluford Unit School District 318, Illinois",Unified,82,bluford unit school district 318
1701418,"Salt Fork Community Unit School District 512, Illinois",Unified,59,salt fork community unit school district 512
1701422,"Woodlawn Unit District 209, Illinois",Unified,48,woodlawn unit district 209
1703300,"Alden-Hebron School District 19, Illinois",Unified,148,alden-hebron school district 19
1703450,"Allendale Community Consolidated School District 17, Illinois",Unified,27,allendale community consolidated school district 17
1703510,"Altamont Community Unit School District 10, Illinois",Unified,51,altamont community unit school district 10
1703600,"Alton Community Unit School District 11, Illinois",Unified,1581,alton community unit school district 11
1703660,"Alwood Community Unit School District 225, Illinois",Unified,47,alwood community unit school district 225
1703690,"Amboy Community Unit School District 272, Illinois",Unified,77,amboy community unit school district 272
1703810,"Annawan Community Unit School District 226, Illinois",Unified,37,annawan community unit school district 226
1703960,"Arcola Consolidated Unit School District 306, Illinois",Unified,102,arcola consolidated unit school district 306
1703990,"Argenta-Oreana Community Unit School District 1, Illinois",Unified,121,argenta-oreana community unit school district 1
1704260,"Arthur Community Unit School District 305, Illinois",Unified,217,arthur community unit school district 305
1704380,"Ashton Community Unit School District 275, Illinois",Unified,109,ashton community unit school district 275
1704440,"Astoria Community Unit School District 1, Illinois",Unified,65,astoria community unit school district 1
1704470,"Athens Community Unit School District 213, Illinois",Unified,61,athens community unit school district 213
1704620,"Auburn Community Unit School District 10, Illinois",Unified,37,auburn community unit school district 10
1704680,"Aurora East Unit School District 131, Illinois",Unified,2599,aurora east unit school district 131
1704710,"Aurora West Unit School District 129, Illinois",Unified,1387,aurora west unit school district 129
1704920,"Ball-Chatham Community Unit School District 5, Illinois",Unified,243,ball-chatham community unit school district 5
1705050,"Barrington Community Unit School District 220, Illinois",Unified,376,barrington community unit school district 220
1705220,"Batavia Unit School District 101, Illinois",Unified,293,batavia unit school district 101
1705310,"Beardstown Community Unit School District 15, Illinois",Unified,292,beardstown community unit school district 15
1705430,"Beecher Community Unit School District 200U, Illinois",Unified,54,beecher community unit school district 200u
1705460,"Beecher City Community Unit School District 20, Illinois",Unified,39,beecher city community unit school district 20
1705790,"Belvidere Consolidated Unit School District 100, Illinois",Unified,840,belvidere consolidated unit school district 100
1705820,"Bement Community Unit School District 5, Illinois",Unified,42,bement community unit school district 5
1706120,"Bethalto Consolidated Unit School District 8, Illinois",Unified,416,bethalto consolidated unit school district 8
1706390,"Bismarck-Henning Consolidated Unit School District, Illinois",Unified,88,bismarck-henning consolidated unit school district
1706480,"Bloomington School District 87, Illinois",Unified,961,bloomington school district 87
1706600,"Scott-Morgan Consolidated Unit School District 2, Illinois",Unified,69,scott-morgan consolidated unit school district 2
1706880,"Bradford Community Unit School District 1, Illinois",Unified,53,bradford community unit school district 1
1707200,"Brimfield Community Unit School District 309, Illinois",Unified,16,brimfield community unit school district 309
1707440,"Brownstown Community Unit School District 201, Illinois",Unified,66,brownstown community unit school district 201
1707650,"Paxton-Buckley-Loda Community Unit School District 10, Illinois",Unified,177,paxton-buckley-loda community unit school district 10
1707770,"Bunker Hill Community Unit School District 8, Illinois",Unified,141,bunker hill community unit school district 8
1707830,"Central Community Unit School District 301, Illinois",Unified,282,central community unit school district 301
1707950,"Bushnell-Prairie City Community Unit School District 170, Illinois",Unified,99,bushnell-prairie city community unit school district 170
1708010,"Byron Community Unit School District 226, Illinois",Unified,26,byron community unit school district 226
1708040,"Cahokia Community Unit School District 187, Illinois",Unified,1315,cahokia community unit school district 187
1708070,"Cairo Community Unit School District 1, Illinois",Unified,138,cairo community unit school district 1
1708160,"Cambridge Community Unit School District 227, Illinois",Unified,53,cambridge community unit school district 227
1708220,"Camp Point Community Unit School District 3, Illinois",Unified,113,camp point community unit school district 3
1708250,"Trico Community Unit School District 176, Illinois",Unified,200,trico community unit school district 176
1708280,"Canton Union School District 66, Illinois",Unified,485,canton union school district 66
1708430,"Carlinville Community Unit School District 1, Illinois",Unified,252,carlinville community unit school district 1
1708460,"Carlyle Community Unit School District 1, Illinois",Unified,93,carlyle community unit school district 1
1708500,"Carmi-White County Community Unit School District 5, Illinois",Unified,230,carmi-white county community unit school district 5
1708550,"Community Unit School District 300, Illinois",Unified,1691,community unit school district 300
1708580,"Carrier Mills-Stonefort Community Unit School District, Illinois",Unified,93,carrier mills-stonefort community unit school district
1708610,"Carrollton Community Unit School District 1, Illinois",Unified,52,carrollton community unit school district 1
1708640,"Carterville Community Unit School District 5, Illinois",Unified,210,carterville community unit school district 5
1709100,"Central A & M Community Unit School District 21, Illinois",Unified,112,central a & m community unit school district 21
1709330,"Cerro Gordo Community Unit School District 100, Illinois",Unified,33,cerro gordo community unit school district 100
1709400,"Chadwick-Milledgeville Community Unit School District 399, Illinois",Unified,52,chadwick-milledgeville community unit school district 399
1709420,"Champaign Community Unit School District 4, Illinois",Unified,1729,champaign community unit school district 4
1709600,"Charleston Community Unit School District 1, Illinois",Unified,777,charleston community unit school district 1
1709810,"Chester Community Unit School District 139, Illinois",Unified,133,chester community unit school district 139
1709930,"Chicago Public School District 299, Illinois",Unified,81770,chicago public school district 299
1710240,"North Wayne Community Unit School District 200, Illinois",Unified,19,north wayne community unit school district 200
1710290,"Cissna Park Community Unit School District 6, Illinois",Unified,21,cissna park community unit school district 6
1710340,"Clay City Community Unit District 10, Illinois",Unified,61,clay city community unit district 10
1710410,"Central Community Unit School District 4, Illinois",Unified,136,central community unit school district 4
1710440,"Clinton Community Unit School District 15, Illinois",Unified,245,clinton community unit school district 15
1710530,"Coal City Community Unit School District 1, Illinois",Unified,148,coal city community unit school district 1
1710570,"Cobden School Unit District 17, Illinois",Unified,60,cobden school unit district 17
1710650,"Collinsville Community Unit School District 10, Illinois",Unified,1136,collinsville community unit school district 10
1710740,"Columbia Community Unit School District 4, Illinois",Unified,185,columbia community unit school district 4
1710790,"Hamilton County Community Unit School District 10, Illinois",Unified,130,hamilton county community unit school district 10
1710800,"Oakwood Community Unit School District 76, Illinois",Unified,124,oakwood community unit school district 76
1710820,"Westville Community Unit School District 2, Illinois",Unified,181,westville community unit school district 2
1710830,"Triopia Community Unit School District 27, Illinois",Unified,43,triopia community unit school district 27
1710980,"Coulterville Unit School District 1, Illinois",Unified,31,coulterville unit school district 1
1711100,"Crab Orchard Community Unit School District 3, Illinois",Unified,38,crab orchard community unit school district 3
1711250,"Crete-Monee Community Unit School District 201-U, Illinois",Unified,422,crete-monee community unit school district 201-u
1711400,"Fulton County Community Unit School District 3, Illinois",Unified,66,fulton county community unit school district 3
1711610,"Dakota Community Unit School District 201, Illinois",Unified,118,dakota community unit school district 201
1711790,"Danville Community Consolidated School District 118, Illinois",Unified,1798,danville community consolidated school district 118
1711850,"Decatur School District 61, Illinois",Unified,2670,decatur school district 61
1711880,"Deer Creek-Mackinaw Community Unit School District 701, Illinois",Unified,51,deer creek-mackinaw community unit school district 701
1712000,"DeKalb Community Unit School District 428, Illinois",Unified,1493,dekalb community unit school district 428
1712030,"DeLand-Weldon Community Unit School District 57, Illinois",Unified,30,deland-weldon community unit school district 57
1712060,"Delavan Community Unit School District 703, Illinois",Unified,64,delavan community unit school district 703
1712090,"Depue Community Unit School District 103, Illinois",Unified,45,depue community unit school district 103
1712240,"Dieterich Community Unit School District 30, Illinois",Unified,61,dieterich community unit school district 30
1712330,"Dixon Unit School District 170, Illinois",Unified,365,dixon unit school district 170
1712480,"Dongola School Unit District 66, Illinois",Unified,47,dongola school unit district 66
1712510,"Donovan Community Unit School District 3, Illinois",Unified,60,donovan community unit school district 3
1712700,"Dunlap Community Unit School District 323, Illinois",Unified,112,dunlap community unit school district 323
1712720,"Dupo Community Unit School District 196, Illinois",Unified,201,dupo community unit school district 196
1712760,"Du Quoin Community Unit School District 300, Illinois",Unified,323,du quoin community unit school district 300
1712810,"Durand Community Unit School District 322, Illinois",Unified,12,durand community unit school district 322
1712930,"Earlville Community Unit School District 9, Illinois",Unified,54,earlville community unit school district 9
1713050,"East Dubuque Community Unit School District 119, Illinois",Unified,86,east dubuque community unit school district 119
1713290,"Richland County Community Unit School District 1, Illinois",Unified,334,richland county community unit school district 1
1713320,"East St. Louis School District 189, Illinois",Unified,2273,east st. louis school district 189
1713370,"Edgar County Community Unit District 6, Illinois",Unified,43,edgar county community unit district 6
1713410,"Edinburg Community Unit School District 4, Illinois",Unified,56,edinburg community unit school district 4
1713500,"Edwards County Community Unit School District 1, Illinois",Unified,111,edwards county community unit school district 1
1713530,"Edwardsville Community Unit School District 7, Illinois",Unified,460,edwardsville community unit school district 7
1713560,"Effingham Community Unit School District 40, Illinois",Unified,554,effingham community unit school district 40
1713590,"Egyptian Community Unit School District 5, Illinois",Unified,102,egyptian community unit school district 5
1713660,"Eldorado Community Unit School District 4, Illinois",Unified,332,eldorado community unit school district 4
1713710,"School District U-46, Illinois",Unified,3879,school district u-46
1713860,"Elverado Community Unit School District 196, Illinois",Unified,78,elverado community unit school district 196
1713920,"Tri-Valley Community Unit School District 3, Illinois",Unified,36,tri-valley community unit school district 3
1713970,"Elmhurst School District 205, Illinois",Unified,481,elmhurst school district 205
1714050,"Elmwood Community Unit School District 322, Illinois",Unified,66,elmwood community unit school district 322
1714100,"Elmwood Park Community Unit School District 401, Illinois",Unified,419,elmwood park community unit school district 401
1714350,"Erie Community Unit School District 1, Illinois",Unified,51,erie community unit school district 1
1714430,"Eureka Community Unit District 140, Illinois",Unified,220,eureka community unit district 140
1715100,"Fieldcrest Community Unit School District 6, Illinois",Unified,136,fieldcrest community unit school district 6
1715180,"Fisher Community Unit School District 1, Illinois",Unified,33,fisher community unit school district 1
1715400,"Flora Community Unit School District 35, Illinois",Unified,270,flora community unit school district 35
1715490,"Forrestville Valley Community Unit School District 221, Illinois",Unified,108,forrestville valley community unit school district 221
1715750,"Franklin Community Unit School District 1, Illinois",Unified,55,franklin community unit school district 1
1715880,"Community Unit School District 2, Illinois",Unified,99,community unit school district 2
1715900,"Freeport School District 145, Illinois",Unified,906,freeport school district 145
1716020,"Galatia Community Unit School District 1, Illinois",Unified,113,galatia community unit school district 1
1716050,"Galena Unit School District 120, Illinois",Unified,47,galena unit school district 120
1716080,"Galesburg Community Unit School District 205, Illinois",Unified,870,galesburg community unit school district 205
1716140,"Galva Community Unit School District 224, Illinois",Unified,113,galva community unit school district 224
1716350,"Geneseo Community Unit School District 228, Illinois",Unified,251,geneseo community unit school district 228
1716380,"Geneva Community Unit School District 304, Illinois",Unified,227,geneva community unit school district 304
1716410,"Genoa-Kingston Community Unit School District 424, Illinois",Unified,188,genoa-kingston community unit school district 424
1716680,"Gillespie Community Unit School District 7, Illinois",Unified,338,gillespie community unit school district 7
1717280,"Granite City Community Unit School District 9, Illinois",Unified,1539,granite city community unit school district 9
1717370,"Grant Park Community Unit School District 6, Illinois",Unified,30,grant park community unit school district 6
1717580,"Grayville Community Unit School District 1, Illinois",Unified,26,grayville community unit school district 1
1717670,"Greenfield Community Unit School District 10, Illinois",Unified,76,greenfield community unit school district 10
1717700,"Greenview Community Unit School District 200, Illinois",Unified,17,greenview community unit school district 200
1717730,"Bond County Community Unit School District 2, Illinois",Unified,236,bond county community unit school district 2
1717790,"Griggsville-Perry Community Unit School District 4, Illinois",Unified,49,griggsville-perry community unit school district 4
1718060,"Hamilton Community Consolidated School District 328, Illinois",Unified,85,hamilton community consolidated school district 328
1718180,"Calhoun Community Unit School District 40, Illinois",Unified,79,calhoun community unit school district 40
1718200,"Hardin County Community Unit School District 1, Illinois",Unified,60,hardin county community unit school district 1
1718240,"Harlem Unit School District 122, Illinois",Unified,812,harlem unit school district 122
1718270,"Harrisburg Community Unit School District 3, Illinois",Unified,671,harrisburg community unit school district 3
1718390,"Hartsburg-Emden Community Unit School District 21, Illinois",Unified,9,hartsburg-emden community unit school district 21
1718420,"Harvard Community Unit School District 50, Illinois",Unified,486,harvard community unit school district 50
1718510,"Havana Community Unit School District 126, Illinois",Unified,200,havana community unit school district 126
1718810,"Herrin Community Unit School District 4, Illinois",Unified,511,herrin community unit school district 4
1718840,"Herscher Community Unit School District 2, Illinois",Unified,82,herscher community unit school district 2
1718870,"Heyworth Community Unit School District 4, Illinois",Unified,80,heyworth community unit school district 4
1718990,"Highland Community Unit School District 5, Illinois",Unified,222,highland community unit school district 5
1719200,"Hillsboro Community Unit School District 3, Illinois",Unified,422,hillsboro community unit school district 3
1719260,"Hinckley-Big Rock Community Unit School District 429, Illinois",Unified,58,hinckley-big rock community unit school district 429
1719660,"Hoopeston Area Community Unit School District 11, Illinois",Unified,229,hoopeston area community unit school district 11
1719830,"Huntley Consolidated School District 158, Illinois",Unified,341,huntley consolidated school district 158
1719920,"Hutsonville Community Unit School District 1, Illinois",Unified,47,hutsonville community unit school district 1
1719960,"Illini Bluffs Community Unit School District 327, Illinois",Unified,85,illini bluffs community unit school district 327
1719970,"Illinois Valley Central Unit School District 321, Illinois",Unified,194,illinois valley central unit school district 321
1720170,"Iroquois County Community Unit School District 9, Illinois",Unified,206,iroquois county community unit school district 9
1720180,"Iroquois West Community Unit School District 10, Illinois",Unified,132,iroquois west community unit school district 10
1720280,"Jacksonville School District 117, Illinois",Unified,647,jacksonville school district 117
1720380,"Jasper County Community Unit School District 1, Illinois",Unified,256,jasper county community unit school district 1
1720430,"Jersey Community Unit School District 100, Illinois",Unified,351,jersey community unit school district 100
1720490,"Johnsburg Community Unit School District 12, Illinois",Unified,96,johnsburg community unit school district 12
1720550,"Johnston City Community Unit School District 1, Illinois",Unified,126,johnston city community unit school district 1
1720760,"Kankakee School District 111, Illinois",Unified,1377,kankakee school district 111
1720790,"Kansas Community Unit School District 3, Illinois",Unified,45,kansas community unit school district 3
1721000,"Kewanee Community Unit School District 229, Illinois",Unified,449,kewanee community unit school district 229
1721300,"Hiawatha Community Unit School District 426, Illinois",Unified,67,hiawatha community unit school district 426
1721390,"Knoxville Community Unit School District 202, Illinois",Unified,198,knoxville community unit school district 202
1721680,"La Moille Community Unit School District 303, Illinois",Unified,16,la moille community unit school district 303
1721900,"Lake Zurich Community Unit School District 95, Illinois",Unified,159,lake zurich community unit school district 95
1722130,"Red Hill Community Unit School District 10, Illinois",Unified,168,red hill community unit school district 10
1722150,"Lawrence County Community Unit District 20, Illinois",Unified,394,lawrence county community unit district 20
1722300,"Lebanon Community Unit School District 9, Illinois",Unified,27,lebanon community unit school district 9
1722350,"Lee Center Community Unit School District 271, Illinois",Unified,15,lee center community unit school district 271
1722530,"Lena-Winslow Community Unit School District 202, Illinois",Unified,51,lena-winslow community unit school district 202
1722620,"Le Roy Community Unit School District 2, Illinois",Unified,106,le roy community unit school district 2
1722710,"Lexington Community Unit School District 7, Illinois",Unified,53,lexington community unit school district 7
1722770,"Liberty Community Unit School District 2, Illinois",Unified,15,liberty community unit school district 2
1722870,"Leland Community Unit School District 1, Illinois",Unified,20,leland community unit school district 1
1723200,"Lisle Community Unit School District 202, Illinois",Unified,92,lisle community unit school district 202
1723250,"Litchfield Community Unit School District 12, Illinois",Unified,339,litchfield community unit school district 12
1723640,"Brooklyn Community Unit School District 188, Illinois",Unified,46,brooklyn community unit school district 188
1723920,"Macomb Community Unit School District 185, Illinois",Unified,427,macomb community unit school district 185
1723970,"Madison Community Unit School District 12, Illinois",Unified,380,madison community unit school district 12
1724060,"Mahomet-Seymour Community Unit School District 3, Illinois",Unified,160,mahomet-seymour community unit school district 3
1724390,"Manteno Community Unit School District 5, Illinois",Unified,206,manteno community unit school district 5
1724480,"Kaneland Community Unit School District 302, Illinois",Unified,147,kaneland community unit school district 302
1724600,"Marion Community Unit School District 2, Illinois",Unified,700,marion community unit school district 2
1724650,"Marissa Community Unit School District 40, Illinois",Unified,47,marissa community unit school district 40
1724750,"Maroa-Forsyth Community Unit School District 2, Illinois",Unified,113,maroa-forsyth community unit school district 2
1724870,"Marshall Community Unit School District 2C, Illinois",Unified,219,marshall community unit school district 2c
1724900,"Martinsville Community Unit School District 3C, Illinois",Unified,59,martinsville community unit school district 3c
1724940,"Mascoutah Community Unit School District 19, Illinois",Unified,114,mascoutah community unit school district 19
1725000,"Massac Unit School District 1, Illinois",Unified,499,massac unit school district 1
1725050,"Mattoon Community Unit School District 2, Illinois",Unified,731,mattoon community unit school district 2
1725590,"Community Unit School District 4, Illinois",Unified,60,community unit school district 4
1725680,"Meredosia-Chambersburg Community Unit School District 11, Illinois",Unified,33,meredosia-chambersburg community unit school district 11
1725690,"Meridian Community Unit School District 223, Illinois",Unified,152,meridian community unit school district 223
1726400,"Moline Unit School District 40, Illinois",Unified,1124,moline unit school district 40
1726430,"Momence Community Unit School District 1, Illinois",Unified,57,momence community unit school district 1
1726550,"Monticello Community Unit School District 25, Illinois",Unified,52,monticello community unit school district 25
1726710,"Morrison Community Unit School District 6, Illinois",Unified,103,morrison community unit school district 6
1726760,"Morrisonville Community Unit School District 1, Illinois",Unified,25,morrisonville community unit school district 1
1726800,"Morton Community Unit School District 709, Illinois",Unified,185,morton community unit school district 709
1726970,"Meridian Community Unit School District 101, Illinois",Unified,140,meridian community unit school district 101
1727180,"Mount Olive Community Unit School District 5, Illinois",Unified,63,mount olive community unit school district 5
1727290,"Mount Pulaski Community Unit District 23, Illinois",Unified,8,mount pulaski community unit district 23
1727300,"Brown County Community Unit School District 1, Illinois",Unified,89,brown county community unit school district 1
1727390,"Mount Zion Community Unit School District 3, Illinois",Unified,133,mount zion community unit school district 3
1727450,"Mulberry Grove Community Unit School District 1, Illinois",Unified,59,mulberry grove community unit school district 1
1727610,"Murphysboro Community Unit School District 186, Illinois",Unified,516,murphysboro community unit school district 186
1727710,"Naperville Community Unit District 203, Illinois",Unified,994,naperville community unit district 203
1727780,"Nauvoo-Colusa Community Unit School District 325, Illinois",Unified,50,nauvoo-colusa community unit school district 325
1727840,"Neoga Community Unit School District 3, Illinois",Unified,106,neoga community unit school district 3
1727960,"New Athens Community Unit School District 60, Illinois",Unified,73,new athens community unit school district 60
1727990,"Community Unit School District 16, Illinois",Unified,67,community unit school district 16
1728560,"Nokomis Community Unit School District 22, Illinois",Unified,149,nokomis community unit school district 22
1728620,"McLean County Unit School District 5, Illinois",Unified,1551,mclean county unit school district 5
1728700,"North Boone Community Unit School District 200, Illinois",Unified,179,north boone community unit school district 200
1728810,"North Clay Community Unit School District 25, Illinois",Unified,143,north clay community unit school district 25
1729340,"Oakland Community Unit School District 5, Illinois",Unified,58,oakland community unit school district 5
1729420,"Oblong Community Unit School District 4, Illinois",Unified,104,oblong community unit school district 4
1729890,"Olympia Community Unit School District 16, Illinois",Unified,193,olympia community unit school district 16
1729940,"ROWVA Community Unit School District 208, Illinois",Unified,120,rowva community unit school district 208
1730060,"Orangeville Community Unit School District 203, Illinois",Unified,26,orangeville community unit school district 203
1730160,"Oregon Community Unit School District 220, Illinois",Unified,221,oregon community unit school district 220
1730200,"Orion Community Unit School District 223, Illinois",Unified,11,orion community unit school district 223
1730270,"Oswego Community Unit School District 308, Illinois",Unified,299,oswego community unit school district 308
1730480,"Palestine Community Unit School District 3, Illinois",Unified,58,palestine community unit school district 3
1730540,"Northwestern Community Unit School District 2, Illinois",Unified,78,northwestern community unit school district 2
1730630,"Pana Community Unit School District 8, Illinois",Unified,328,pana community unit school district 8
1730660,"Panhandle Community Unit School District 2, Illinois",Unified,41,panhandle community unit school district 2
1730750,"Paris-Union School District 95, Illinois",Unified,325,paris-union school district 95
1730780,"Paris Community Unit School District 4, Illinois",Unified,42,paris community unit school district 4
1730870,"Patoka Community Unit School District 100, Illinois",Unified,17,patoka community unit school district 100
1730930,"Pawnee Community Unit School District 11, Illinois",Unified,76,pawnee community unit school district 11
1730990,"Payson Community Unit School District 1, Illinois",Unified,114,payson community unit school district 1
1731020,"Pearl City Community Unit School District 200, Illinois",Unified,59,pearl city community unit school district 200
1731050,"Pecatonica Community Unit School District 321, Illinois",Unified,33,pecatonica community unit school district 321
1731230,"Peoria School District 150, Illinois",Unified,3683,peoria school district 150
1731270,"Peoria Heights Community Unit School District 325, Illinois",Unified,167,peoria heights community unit school district 325
1731290,"Peotone Community Unit School District 207U, Illinois",Unified,57,peotone community unit school district 207u
1731410,"Porta Community Unit School District 202, Illinois",Unified,164,porta community unit school district 202
1731500,"Southwestern Community Unit School District 9, Illinois",Unified,180,southwestern community unit school district 9
1731710,"Pikeland Community Unit School District 10, Illinois",Unified,161,pikeland community unit school district 10
1731740,"Plainfield School District 202, Illinois",Unified,839,plainfield school district 202
1731770,"Plano Community Unit School District 88, Illinois",Unified,372,plano community unit school district 88
1731890,"Pleasant Hill Community Unit School District 3, Illinois",Unified,82,pleasant hill community unit school district 3
1731920,"Pleasant Plains Community Unit School District 8, Illinois",Unified,79,pleasant plains community unit school district 8
1732100,"Polo Community Unit School District 222, Illinois",Unified,100,polo community unit school district 222
1732280,"Pope County Community Unit School District 1, Illinois",Unified,113,pope county community unit school district 1
1732770,"Princeville Community Unit School District 326, Illinois",Unified,59,princeville community unit school district 326
1732830,"Prophetstown-Lyndon-Tampico Community Unit School District 3, Illinois",Unified,99,prophetstown-lyndon-tampico community unit school district 3
1732960,"Putnam County Community Unit School District 535, Illinois",Unified,56,putnam county community unit school district 535
1733000,"Quincy School District 172, Illinois",Unified,1251,quincy school district 172
1733090,"Ramsey Community Unit School District 204, Illinois",Unified,124,ramsey community unit school district 204
1733300,"Red Bud Community Unit School District 132, Illinois",Unified,157,red bud community unit school district 132
1733380,"Reed Custer Community Unit School District 255U, Illinois",Unified,206,reed custer community unit school district 255u
1733930,"Riverdale Community Unit School District 100, Illinois",Unified,154,riverdale community unit school district 100
1733950,"River Bend Community Unit District 2, Illinois",Unified,100,river bend community unit district 2
1734100,"Riverton Community Unit School District 14, Illinois",Unified,253,riverton community unit school district 14
1734140,"Roanoke-Benson Community Unit School District 60, Illinois",Unified,17,roanoke-benson community unit school district 60
1734230,"Robinson Community Unit School District 2, Illinois",Unified,243,robinson community unit school district 2
1734320,"Rochester Community Unit School District 3A, Illinois",Unified,24,rochester community unit school district 3a
1734410,"Rock Island School District 41, Illinois",Unified,1688,rock island school district 41
1734440,"Rockridge Community Unit School District 300, Illinois",Unified,72,rockridge community unit school district 300
1734510,"Rockford School District 205, Illinois",Unified,6990,rockford school district 205
1734870,"Rossville-Alvin Community Unit School District 7, Illinois",Unified,45,rossville-alvin community unit school district 7
1734990,"Round Lake Community Unit School District 116, Illinois",Unified,770,round lake community unit school district 116
1735010,"Roxana Community Unit School District 1, Illinois",Unified,405,roxana community unit school district 1
1735310,"Sandoval Community Unit School District 501, Illinois",Unified,132,sandoval community unit school district 501
1735370,"Sandwich Community Unit School District 430, Illinois",Unified,188,sandwich community unit school district 430
1735610,"Scales Mound Community Unit School District 211, Illinois",Unified,35,scales mound community unit school district 211
1735940,"Sesser-Valier Community Unit School District 196, Illinois",Unified,107,sesser-valier community unit school district 196
1735970,"Indian Creek Community Unit District 425, Illinois",Unified,68,indian creek community unit district 425
1736090,"Shelbyville Community Unit School District 4, Illinois",Unified,114,shelbyville community unit school district 4
1736180,"Sherrard Community Unit School District 200, Illinois",Unified,141,sherrard community unit school district 200
1736570,"Somonauk Community Unit School District 432, Illinois",Unified,50,somonauk community unit school district 432
1736600,"South Beloit Community Unit School District 320, Illinois",Unified,269,south beloit community unit school district 320
1736610,"Southeastern Community Unit School District 337, Illinois",Unified,95,southeastern community unit school district 337
1736640,"South Fork School District 14, Illinois",Unified,61,south fork school district 14
1736900,"Sparta Community Unit School District 140, Illinois",Unified,253,sparta community unit school district 140
1736960,"Spoon River Valley Community Unit School District 4, Illinois",Unified,25,spoon river valley community unit school district 4
1737080,"Springfield School District 186, Illinois",Unified,4175,springfield school district 186
1737170,"St. Charles Community Unit School District 303, Illinois",Unified,525,st. charles community unit school district 303
1737230,"St. Elmo Community Unit School District 202, Illinois",Unified,96,st. elmo community unit school district 202
1737350,"Triad Community Unit School District 2, Illinois",Unified,230,triad community unit school district 2
1737490,"Stark County Community Unit School District 100, Illinois",Unified,118,stark county community unit school district 100
1737590,"Staunton Community Unit School District 6, Illinois",Unified,160,staunton community unit school district 6
1737650,"Steeleville Community Unit School District 138, Illinois",Unified,32,steeleville community unit school district 138
1737830,"Stewardson-Strasburg Community Unit District 5A, Illinois",Unified,37,stewardson-strasburg community unit district 5a
1737980,"Stockton Community Unit School District 206, Illinois",Unified,61,stockton community unit school district 206
1738070,"Woodland Community Unit School District 5, Illinois",Unified,95,woodland community unit school district 5
1738130,"Sullivan Community Unit School District 300, Illinois",Unified,96,sullivan community unit school district 300
1738460,"Sycamore Community Unit School District 427, Illinois",Unified,314,sycamore community unit school district 427
1738490,"V.I.T. Community Unit School District 2, Illinois",Unified,86,v.i.t. community unit school district 2
1738700,"Taylorville Community Unit School District 3, Illinois",Unified,317,taylorville community unit school district 3
1738760,"Teutopolis Community Unit School District 50, Illinois",Unified,4,teutopolis community unit school district 50
1739090,"Cumberland Community Unit School District 77, Illinois",Unified,176,cumberland community unit school district 77
1739120,"Tolono Community Unit School District 7, Illinois",Unified,163,tolono community unit school district 7
1739390,"Tremont Community Unit School District 702, Illinois",Unified,38,tremont community unit school district 702
1739420,"Wesclin Community Unit School District 3, Illinois",Unified,50,wesclin community unit school district 3
1739450,"Tri-City Community Unit School District 1, Illinois",Unified,45,tri-city community unit school district 1
1739480,"Tri-Point Community Unit School District 6-J, Illinois",Unified,106,tri-point community unit school district 6-j
1739600,"Tuscola Community Unit School District 301, Illinois",Unified,144,tuscola community unit school district 301
1739630,"Century Community Unit School District 100, Illinois",Unified,35,century community unit school district 100
1739960,"Urbana School District 116, Illinois",Unified,1041,urbana school district 116
1740070,"Valley View Community Unit School District 365U, Illinois",Unified,1304,valley view community unit school district 365u
1740080,"Valmeyer Community Unit School District 3, Illinois",Unified,7,valmeyer community unit school district 3
1740140,"Vandalia Community Unit School District 203, Illinois",Unified,325,vandalia community unit school district 203
1740200,"Venice Community Unit School District 3, Illinois",Unified,17,venice community unit school district 3
1740320,"Villa Grove Community Unit School District 302, Illinois",Unified,60,villa grove community unit school district 302
1740410,"Virginia Community Unit School District 64, Illinois",Unified,33,virginia community unit school district 64
1740470,"Wabash Community Unit School District 348, Illinois",Unified,249,wabash community unit school district 348
1740650,"Waltonville Community Unit School District 1, Illinois",Unified,68,waltonville community unit school district 1
1740740,"Warren Community Unit School District 205, Illinois",Unified,63,warren community unit school district 205
1740830,"Warrensburg-Latham Community Unit District 11, Illinois",Unified,149,warrensburg-latham community unit district 11
1740890,"Warsaw Community Unit School District 316, Illinois",Unified,47,warsaw community unit school district 316
1740920,"Lowpoint-Washburn Community Unit School District 21, Illinois",Unified,66,lowpoint-washburn community unit school district 21
1741070,"Waterloo Community Unit School District 5, Illinois",Unified,100,waterloo community unit school district 5
1741190,"Wauconda Community Unit School District 118, Illinois",Unified,294,wauconda community unit school district 118
1741250,"Waukegan Community Unit School District 60, Illinois",Unified,3091,waukegan community unit school district 60
1741280,"Waverly Community Unit School District 6, Illinois",Unified,56,waverly community unit school district 6
1741360,"Wayne City Community Unit School District 100, Illinois",Unified,76,wayne city community unit school district 100
1741580,"Frankfort Community Unit School District 168, Illinois",Unified,590,frankfort community unit school district 168
1741690,"Indian Prairie Community Unit School District 204, Illinois",Unified,1073,indian prairie community unit school district 204
1741750,"West Washington County Community Unit District 10, Illinois",Unified,33,west washington county community unit district 10
1741980,"Westmont Community Unit School District 201, Illinois",Unified,273,westmont community unit school district 201
1742060,"Wethersfield Community Unit School District 230, Illinois",Unified,16,wethersfield community unit school district 230
1742180,"Community Unit School District 200, Illinois",Unified,877,community unit school district 200
1742240,"North Greene Unit School District 3, Illinois",Unified,178,north greene unit school district 3
1742310,"Sterling Community Unit District 5, Illinois",Unified,347,sterling community unit district 5
1742450,"Williamsfield Community Unit School District 210, Illinois",Unified,62,williamsfield community unit school district 210
1742480,"Williamsville Community Unit School District 15, Illinois",Unified,27,williamsville community unit school district 15
1742630,"Wilmington Community Unit School District 209U, Illinois",Unified,225,wilmington community unit school district 209u
1742660,"Winchester Community Unit School District 1, Illinois",Unified,60,winchester community unit school district 1
1742690,"Windsor Community Unit School District 1, Illinois",Unified,82,windsor community unit school district 1
1742790,"Winnebago Community Unit School District 323, Illinois",Unified,137,winnebago community unit school district 323
1742990,"Shawnee Community Unit School District 84, Illinois",Unified,102,shawnee community unit school district 84
1743330,"Woodstock Community Unit School District 200, Illinois",Unified,782,woodstock community unit school district 200
1743800,"Zeigler-Royalton Community Unit School District 188, Illinois",Unified,116,zeigler-royalton community unit school district 188
1743960,"Yorkville Community Unit School District 115, Illinois",Unified,277,yorkville community unit school district 115
1743962,"Midwest Central Community Unit School District 191, Illinois",Unified,100,midwest central community unit school district 191
1799999,"Remainder of Illinois, Illinois",Unified,81500,remainder of illinois
